[
  {
    "fsa_lights_per100g":{
      "fat":"green",
      "salt":"green",
      "saturates":"green",
      "sugars":"orange"
    },
    "id":"000095fc1d",
    "ingredients":[
      {
        "text":"yogurt, greek, plain, nonfat"
      },
      {
        "text":"strawberries, raw"
      },
      {
        "text":"cereals ready-to-eat, granola, homemade"
      }
    ],
    "instructions":[
      {
        "text":"Layer all ingredients in a serving dish."
      }
    ],
    "nutr_per_ingredient":[
      {
        "fat":0.8845044000000001,
        "nrg":133.80964,
        "pro":23.110512399999998,
        "sat":0.26535132,
        "sod":81.64656,
        "sug":7.348190400000001
      },
      {
        "fat":0.46,
        "nrg":49.0,
        "pro":1.02,
        "sat":0.023,
        "sod":2.0,
        "sug":7.43
      },
      {
        "fat":7.415,
        "nrg":149.25,
        "pro":4.17,
        "sat":1.207,
        "sod":8.0,
        "sug":6.04
      }
    ],
    "nutr_values_per100g":{
      "energy":81.129461318947662,
      "fat":2.1401392635158909,
      "protein":6.9144365935655356,
      "salt":0.055978167389859668,
      "saturates":0.36534716195613937,
      "sugars":5.0863410343614399
    },
    "partition":"train",
    "quantity":[
      {
        "text":"8"
      },
      {
        "text":"1"
      },
      {
        "text":"1/4"
      }
    ],
    "title":"Yogurt Parfaits",
    "unit":[
      {
        "text":"ounce"
      },
      {
        "text":"cup"
      },
      {
        "text":"cup"
      }
    ],
    "url":"http://tastykitchen.com/recipes/breakfastbrunch/yogurt-parfaits/",
    "weight_per_ingr":[
      226.796,
      152.0,
      30.5
    ]
  }
]